Data,Otwarcie,Najwyzszy,Najnizszy,Zamkniecie,Zmiana
2019-04-02,56.19,56.39,56.15,56.27,226720
2019-04-03,56.51,56.79,56.51,56.75,459359
2019-04-04,56.58,56.66,56.48,56.55,222124
2019-04-05,56.71,57.01,56.66,56.815,273774
2019-04-08,57,57,56.67,56.79,650716
2019-04-09,56.83,56.95,56.59,56.65,191613
2019-04-10,56.65,56.77,56.58,56.75,154540
2019-04-11,56.83,56.91,56.7,56.75,260677
2019-04-12,56.9,57.17,56.73,57.04,373887
2019-04-15,57.16,57.22,57,57.08,328709
2019-04-16,57.23,57.36,57.14,57.22,207006
2019-04-17,57.28,57.45,57.08,57.08,1517632
2019-04-18,57.07,57.21,56.89,57.05,502190
2019-04-23,57.5,57.5,57.14,57.48,624223
2019-04-24,57.46,57.56,57.36,57.49,869143
2019-04-25,57.42,57.49,57.06,57.26,892768
2019-04-26,57.25,57.42,57.15,57.38,854263
2019-04-29,57.47,57.66,57.46,57.65,416962
2019-04-30,57.59,57.7,57.38,57.54,524108
2019-05-01,57.66,57.96,57.66,57.8,211451
2019-05-02,57.44,57.49,57.07,57.12,244413
2019-05-03,57.29,57.67,57.26,57.63,503199
2019-05-06,56.6101,57.67,56.6101,57.0616,134412
2019-05-07,57.3,57.34,56.48,56.58,474661
2019-05-08,56.57,56.72,56.2,56.54,319135
2019-05-09,56.23,56.23,55.55,55.69,151356
2019-05-10,56.19,56.28,55.49,55.55,121315
2019-05-13,55.94,55.99,55.15,55.15,416582
2019-05-14,55.55,55.69,55.29,55.68,395581
2019-05-15,55.75,55.92,55.23,55.92,402501
2019-05-16,55.87,56.55,55.79,56.55,126381
2019-05-17,56.32,56.46,55.93,56.33,717122
2019-05-20,56.28,56.31,55.56,55.86,283789
2019-05-21,55.94,56.23,55.85,56.11,519002
2019-05-22,56.11,56.19,55.86,56.055,197050
2019-05-23,55.66,55.66,55.21,55.3,230693
2019-05-24,55.64,55.78,55.48,55.55,337337
2019-05-28,55.77,55.82,55.5,55.51,315309
2019-05-29,55,55.06,54.62,54.63,476815
2019-05-30,54.82,55.05,54.8,54.85,215506
2019-05-31,54.6,54.6,54.19,54.5,2250161
2019-06-03,54.11,54.58,53.94,54.51,319710
2019-06-04,54.42,55.05,54.38,55.05,432293
2019-06-05,55.41,55.72,55.29,55.49,238755
2019-06-06,55.62,55.89,55.59,55.82,206615
2019-06-07,56.02,56.71,56.02,56.57,352300
2019-06-10,56.75,56.95,56.67,56.94,125848
2019-06-11,56.97,57.22,56.9,56.935,282480
2019-06-12,56.78,56.78,56.62,56.7,138550
2019-06-13,56.66,56.87,56.58,56.73,286029
2019-06-14,56.73,56.77,56.48,56.53,918991
2019-06-17,56.68,56.72,56.56,56.65,295924
2019-06-18,56.64,57.38,56.49,57.27,173170
2019-06-19,57.28,57.35,57.22,57.28,416107
2019-06-20,57.9,58.17,57.83,57.83,818547
2019-06-21,57.83,58.08,57.82,58.02,241399
2019-06-24,58.03,58.06,57.86,57.96,177559
2019-06-25,57.77,57.92,57.66,57.7,336507
2019-06-26,57.68,57.7,57.4,57.51,187641
2019-06-27,57.62,57.66,57.37,57.5,412722
2019-06-28,57.68,57.82,57.68,57.82,349316
2019-07-01,58.67,58.67,58.25,58.28,661247
2019-07-02,58.38,58.38,58.16,58.3,211019
2019-07-03,58.35,58.78,58.35,58.78,556940
2019-07-04,58.9,58.95,58.84,58.95,182237
2019-07-05,58.94,58.94,58.23,58.42,381833
2019-07-08,58.38,58.58,58.31,58.36,194795
2019-07-09,58.11,58.29,57.99,58.27,284257
2019-07-10,58.24,58.77,58.17,58.54,299115
2019-07-11,58.75,58.8,58.51,58.66,385778
2019-07-12,58.73,58.8,58.66,58.75,183776
2019-07-15,58.94,59.02,58.81,58.83,500541
2019-07-16,58.83,58.91,58.79,58.8,93183
2019-07-17,58.72,58.84,58.46,58.56,325407
2019-07-18,58.43,58.43,58.18,58.22,73807
2019-07-19,58.74,58.85,58.55,58.6,104333
2019-07-22,58.35,58.5,58.31,58.36,147705
2019-07-23,58.59,58.77,58.56,58.59,1129567
2019-07-24,58.8,58.87,58.61,58.81,415493
2019-07-25,59.06,59.16,58.7,58.76,436920
2019-07-26,58.78,58.91,58.73,58.91,1108285
2019-07-29,58.86,58.99,58.79,58.87,263859
2019-07-30,58.92,58.92,58.42,58.59,444336
2019-07-31,58.6,58.68,58.56,58.59,350867
2019-08-01,57.93,58.62,57.92,58.62,240648
2019-08-02,57.48,57.62,56.89,56.93,608547
2019-08-05,56.59,56.64,55.83,55.95,453773
2019-08-06,55.57,56.06,55.5,55.6,549550
2019-08-07,56.11,56.32,55.3,55.85,558514
2019-08-08,56.77,56.98,56.27,56.98,206322
2019-08-09,57.07,57.07,56.54,56.54,166128
2019-08-12,56.99,57.06,56.32,56.37,270797
2019-08-13,56.12,57.15,55.95,56.79,393709
2019-08-14,56.94,56.94,55.58,55.76,804914
2019-08-15,55.87,55.87,55,55.4,169626
2019-08-16,55.72,56.21,55.72,56.21,221643
2019-08-19,56.72,56.88,56.59,56.87,157001
2019-08-20,56.86,56.95,56.49,56.65,232467
2019-08-21,56.53,56.99,56.53,56.97,519594
2019-08-22,56.89,57.09,56.49,56.67,605603
2019-08-23,56.97,57.02,56.14,56.14,232865
2019-08-27,56.11,56.53,55.98,56.21,206334
2019-08-28,56.13,56.26,55.7,56.24,149401
2019-08-29,56.2,56.91,56.2,56.89,215551
2019-08-30,56.89,57.31,56.75,56.91,648818
2019-09-02,56.9,57,56.75,56.78,87117
2019-09-03,56.61,56.72,56.47,56.64,413694
2019-09-04,57.07,57.32,57.07,57.3,314785
2019-09-05,57.72,58.16,57.59,58.08,787832
2019-09-06,58.06,58.18,58.01,58.15,82166
2019-09-09,58.29,58.32,58.12,58.22,99320
2019-09-10,58.08,58.08,57.81,57.9,229275
2019-09-11,58.21,58.41,58.21,58.41,594815
2019-09-12,58.7,58.92,58.58,58.8,424652
2019-09-13,58.98,59.09,58.9,58.94,258714
2019-09-16,58.6,58.7,58.55,58.6,434274
2019-09-17,58.49,58.68,58.49,58.66,222214
2019-09-18,58.69,58.76,58.61,58.63,156853
2019-09-19,58.57,59.07,58.5,59.05,269825
2019-09-20,58.98,59.03,58.88,58.88,238918
2019-09-23,58.74,58.83,58.34,58.54,151309
2019-09-24,58.76,58.8,58.53,58.53,119623
2019-09-25,58.21,58.21,57.81,58.16,284321
2019-09-26,58.21,58.54,58.15,58.15,88931
2019-09-27,58.33,58.47,58.23,58.43,80518
2019-09-30,58.22,58.28,58.04,58.25,504070
2019-10-01,58.73,58.78,57.84,57.92,416765
2019-10-02,57.57,57.62,56.53,56.53,287943
2019-10-03,56.6,56.84,56.07,56.66,195956
2019-10-04,56.99,57.37,56.78,57.37,253096
2019-10-07,57.36,57.73,57.32,57.73,980738
2019-10-08,57.62,57.63,56.77,56.77,328149
2019-10-09,56.8,57.22,56.7,57.05,341624
2019-10-10,57.17,57.68,56.97,57.63,1009618
2019-10-11,57.81,58.68,57.72,58.68,163668
2019-10-14,58.4,58.4,57.97,58.23,203229
2019-10-15,58.5,58.94,58.35,58.82,219935
2019-10-16,58.79,58.82,58.61,58.73,100067
2019-10-17,58.64,59.1,58.64,58.85,112312
2019-10-18,58.85,58.92,58.67,58.77,60208
2019-10-21,58.85,59.08,58.78,59.03,196350
2019-10-22,59.13,59.19,58.95,59.16,1091486
2019-10-23,58.83,59.05,58.75,59.03,261797
2019-10-24,59.16,59.33,59.11,59.29,218292
2019-10-25,59.27,59.49,59.08,59.49,100010
2019-10-28,59.42,59.77,59.42,59.68,416316
2019-10-29,59.7,59.79,59.51,59.77,103075
2019-10-30,59.67,59.72,59.5,59.69,363877
2019-10-31,60,60,59.46,59.51,206181
2019-11-01,59.88,60.23,59.8,60.14,90643
2019-11-04,60.33,60.65,60.33,60.55,272264
2019-11-05,60.58,60.68,60.4,60.47,154482
2019-11-06,60.42,60.56,60.36,60.48,153010
2019-11-07,60.75,60.86,60.72,60.78,333191
2019-11-08,60.6,60.68,60.42,60.59,214514
2019-11-11,60.52,60.62,60.42,60.58,299268
2019-11-12,60.73,60.89,60.62,60.84,224752
2019-11-13,60.6,60.66,60.35,60.66,371361
2019-11-14,60.62,60.66,60.53,60.56,175562
2019-11-15,60.67,61.03,60.67,61.03,199861
2019-11-18,61.22,61.25,60.99,61.17,252463
2019-11-19,61.22,61.43,61.05,61.11,213583
2019-11-20,60.95,61.02,60.75,60.98,118731
2019-11-21,60.7,60.96,60.62,60.71,326594
2019-11-22,60.87,61.05,60.73,60.76,176747
2019-11-25,61.13,61.33,61.08,61.27,103380
2019-11-26,61.37,61.64,61.23,61.39,268279
2019-11-27,61.63,61.67,61.52,61.565,102631
2019-11-28,61.56,61.62,61.48,61.62,201020
2019-11-29,61.46,61.57,61.39,61.45,309598
2019-12-02,61.54,61.72,60.79,60.81,174937
2019-12-03,60.97,61.04,60.13,60.3,170415
2019-12-04,60.37,61.05,60.37,61,261628
2019-12-05,61.1,61.22,60.88,60.93,622583
2019-12-06,61.1,61.63,61.1,61.63,204580
2019-12-09,61.52,61.62,61.47,61.5,222686
2019-12-10,61.41,61.44,60.99,61.43,1088982
2019-12-11,61.38,61.51,61.29,61.43,532372
2019-12-12,61.65,62.13,61.43,61.84,429803
2019-12-13,62.42,62.5,61.98,62.03,246844
2019-12-16,62.32,62.79,62.32,62.73,792588
2019-12-17,62.69,62.69,62.49,62.57,276526
2019-12-18,62.53,62.65,62.5,62.6,179013
2019-12-19,62.62,62.68,62.46,62.68,454379
2019-12-20,62.68,63.03,62.68,63.03,386349
2019-12-23,62.91,63.11,62.91,63.03,1291438
2019-12-24,63.03,63.1,62.95,63.06,25915
2019-12-27,63.48,63.56,63.31,63.41,263392
2019-12-30,63.37,63.42,62.96,63.05,1444200
2019-12-31,63.06,63.11,62.94,63.03,244618
2020-01-02,63.44,63.66,63.38,63.38,363994
2020-01-03,63.11,63.37,62.75,63.37,142740
2020-01-06,63.05,63.25,62.73,63.25,183302
2020-01-07,63.52,63.63,63.2,63.38,168379
2020-01-08,63.17,63.46,63.08,63.36,524282
2020-01-09,63.84,63.9,63.74,63.79,263575
2020-01-10,64.01,64.05,63.84,63.87,221626
2020-01-13,63.86,63.94,63.7,63.9,964224
2020-01-14,64.2,64.2,63.8,64.1,244927
2020-01-15,64.08,64.28,63.96,64.28,551313
2020-01-16,64.4,64.43,64.2,64.38,111006
2020-01-17,64.68,64.78,64.65,64.71,119940
2020-01-20,64.71,64.75,64.58,64.71,74180
2020-01-21,64.49,64.69,64.3,64.69,304287
2020-01-22,64.84,64.9,64.68,64.81,148992
2020-01-23,64.59,64.61,64.2,64.26,839388
2020-01-24,64.7,64.86,64.41,64.41,202114
2020-01-27,63.51,63.64,62.95,63.07,543593
2020-01-28,63.38,63.68,63.03,63.68,142778
2020-01-29,63.75,63.93,63.56,63.78,414422
2020-01-30,63.14,63.39,63.01,63.27,166936
2020-01-31,63.68,63.69,62.8,62.91,335677
2020-02-03,62.91,63.34,62.8,63.09,461118
2020-02-04,63.41,64.06,63.41,64.06,212947
2020-02-05,63.91,64.66,63.91,64.44,366534
2020-02-06,65.01,65.04,64.63,64.82,103483
2020-02-07,64.71,64.75,64.46,64.58,253576
2020-02-10,64.56,64.58,64.25,64.56,249494
2020-02-11,64.99,65.23,64.89,65.08,136877
2020-02-12,65.14,65.35,65.08,65.32,238088
2020-02-13,65.08,65.29,64.73,65.29,93597
2020-02-14,65.34,65.35,65.11,65.22,111496
2020-02-17,65.41,65.41,65.3,65.37,73313
2020-02-18,64.88,65.12,64.8,64.83,217793
2020-02-19,65.17,65.38,65.08,65.33,178019
2020-02-20,65.25,65.28,64.61,64.61,128754
2020-02-21,64.9,64.9,64.33,64.62,83867
2020-02-24,63.67,63.67,62.18,62.57,1233411
2020-02-25,62.78,62.85,61.36,61.56,467743
2020-02-26,61.02,61.54,59.9,61.4,624559
2020-02-27,60.06,60.34,58.5,59.48,522160
2020-02-28,57.48,57.54,55.85,56.91,1797891
2020-03-02,58.4,58.81,56.7,58.36,559487
2020-03-03,59.41,60.45,58.87,59.12,546410
2020-03-04,59.12,59.73,58.91,59.37,1153753
2020-03-05,59.9,59.91,58.87,59.42,492535
2020-03-06,58.01,58.31,56.85,57.55,354278
2020-03-09,54.25,55,53.12,54.36,1083554
2020-03-10,54.72,55.88,53.02,53.58,1022881
2020-03-11,54.31,54.61,53.16,53.32,447394
2020-03-12,50.78,51.05,47.41,47.67,1392161
2020-03-13,49.75,50.72,47.51,48.47,1938554
2020-03-16,48.47,48.47,44.5,47.28,896825
2020-03-17,47.88,48.31,45.1,47.37,384688
2020-03-18,45.9,46.2,44.68,44.97,525120
2020-03-19,44.71,46.28,44.09,45.41,2565056
2020-03-20,47.55,47.74,45.21,45.57,973813
2020-03-23,42.88,46,42.47,43.07,2218043
2020-03-24,45.13,46.84,44.9,46.73,697844
2020-03-25,48.01,48.69,46.56,48.5,1225044
2020-03-26,47.7,50.18,47.24,50.18,663365
2020-03-27,49.74,50,48.61,49.2,1191334
2020-03-30,49.25,50.12,48.46,50.12,261980
2020-03-31,50.58,50.77,49.61,50.63,782870
2020-04-01,48.51,48.67,47.93,48.34,1393384
2020-04-02,48.79,48.79,47.27,48.36,663672
2020-04-03,48.29,48.59,47.78,47.87,291292
2020-04-06,49.51,50.13,49.3,50.03,232597
2020-04-07,51.68,52.65,51.43,51.96,689049
2020-04-08,50.91,51.8,50.6,51.79,306522
2020-04-09,52.78,53.5,51.79,53.18,336566
2020-04-14,53.7,54.2,53.29,53.63,390698
2020-04-15,53.83,54,52.4,52.58,285054
2020-04-16,53.19,53.26,52.4,52.73,107509
2020-04-17,54.33,54.42,53.58,53.72,1074201
2020-04-20,54.23,54.23,53.3,54.15,650322
2020-04-21,53.29,53.4,51.9,51.93,173279
2020-04-22,52.51,53,52.42,52.9,243700
2020-04-23,53.29,53.84,52.87,53.67,156477
2020-04-24,52.71,53.47,52.5,53.05,423054
2020-04-27,54.1,54.45,54.06,54.45,573671
2020-04-28,54.43,55.45,54.39,54.84,222380
2020-04-29,55.04,55.89,54.93,55.8,785686
2020-04-30,56.27,56.33,55.15,55.28,232614
2020-05-01,54.04,54.31,53.8,53.93,98496
2020-05-04,53.54,53.63,53.02,53.37,488320
2020-05-05,54.19,54.73,53.88,54.71,474707
2020-05-06,54.72,54.79,54.14,54.27,203511
2020-05-07,54.41,54.85,54.36,54.85,222186
2020-05-11,55.95,55.98,55.01,55.49,228055
2020-05-12,55.27,55.89,55.27,55.64,65680
2020-05-13,54.76,54.98,54.15,54.17,337275
2020-05-14,53.51,53.76,52.6,53.24,251052
2020-05-15,54.09,54.4,53.54,53.78,541456
2020-05-18,54.73,56.11,54.73,56.03,211704
2020-05-19,56.53,56.53,55.74,56.13,185997
2020-05-20,55.79,56.63,55.79,56.6,370641
2020-05-21,56.1,56.5,55.78,55.94,173099
2020-05-22,55.28,55.88,55.15,55.72,976648
2020-05-26,57.34,57.48,57.17,57.26,373227
2020-05-27,57.67,57.96,56.82,57.16,316885
2020-05-28,58.14,58.41,57.88,58.32,735185
2020-05-29,57.94,58.12,57.49,57.61,514183
2020-06-01,58.2,58.56,57.92,58.43,175127
2020-06-02,58.57,59.15,58.55,58.87,674259
2020-06-03,59.41,60.16,59.4,60.16,480966
2020-06-04,59.79,60.27,59.6,60.02,680783
2020-06-05,60.42,61.56,60.35,61.56,665073
2020-06-08,61.25,61.66,61.1,61.6,385683
2020-06-09,61.77,61.87,61.07,61.44,589129
2020-06-10,61.66,61.82,61.09,61.22,149008
2020-06-11,60.42,60.42,59.14,59.21,248697
2020-06-12,58.3,59.41,57.87,58.42,1251054
2020-06-15,56.89,58.23,56.7,58.06,538335
2020-06-16,59.74,60.76,59.3,60.07,233041
2020-06-17,60.15,60.6,59.9,60.11,258973
2020-06-18,59.86,60.18,59.42,59.84,353508
2020-06-19,59.93,60.6,59.93,60.16,206579
2020-06-22,59.49,59.91,59.36,59.76,504858
2020-06-23,60.2,60.85,60.13,60.69,572864
2020-06-24,60.37,60.37,58.8,58.8,464209
2020-06-25,58.62,59.05,58.11,58.72,600377
2020-06-26,59.31,59.68,58.36,58.54,321450
2020-06-29,58.52,58.84,58.11,58.72,404347
2020-06-30,58.94,59.38,58.65,59.28,1470090
2020-07-01,59.3,60.1,59,59.67,454089
2020-07-02,60.16,60.93,60.07,60.55,267987
2020-07-03,60.6,60.67,59.99,60.16,143004
2020-07-06,61.15,61.35,61,61.27,188643
2020-07-07,61.04,61.25,60.65,61.18,128062
2020-07-08,60.8,61.01,60.45,60.65,202444
2020-07-09,61.12,61.24,60.07,60.27,679324
2020-07-10,60.18,61,60.15,60.89,139465
2020-07-13,61.51,62.11,61.36,62.11,226537
2020-07-14,61.09,61.15,60.5,61.15,531045
2020-07-15,61.94,62.5,61.85,62.2,439044
2020-07-16,61.88,62,61.67,61.81,153070
2020-07-17,62.2,62.2,61.75,62.06,201627
2020-07-20,61.99,62.45,61.7,62.4,422102
2020-07-21,63.01,63.27,62.92,63.12,395341
2020-07-22,62.93,63,62.38,62.85,358115
2020-07-23,63.32,63.42,62.87,63.12,145130
2020-07-24,62.03,62.28,61.8,62.09,238600
2020-07-27,62.64,62.64,62.16,62.31,212889
2020-07-28,62.57,62.67,62.25,62.6,235922
2020-07-29,62.37,62.69,62.33,62.69,160547
2020-07-30,62.64,62.64,61.61,62.17,273540
2020-07-31,62.68,62.8,61.98,62.1,409545
2020-08-03,62.44,63.06,62.26,63.05,354028
2020-08-04,63.29,63.4,62.83,63.25,273897
2020-08-05,63.61,63.9,63.59,63.88,215111
2020-08-06,63.79,63.94,63.36,63.59,477106
2020-08-07,63.69,64,63.57,63.85,309742
2020-08-10,63.98,64.13,63.7,63.9,82055
2020-08-11,64.2,64.8,64.19,64.56,150079
2020-08-12,64.2,64.94,64.2,64.85,826032
2020-08-13,64.73,64.98,64.7,64.88,117275
2020-08-14,64.76,64.76,64.23,64.68,209953
2020-08-17,64.71,64.97,64.54,64.9,151761
2020-08-18,64.91,65.23,64.75,65.05,107842
2020-08-19,65.14,65.27,65,65.26,318840
2020-08-20,64.53,64.7,64.23,64.68,89251
2020-08-21,64.98,65,64.25,64.71,152054
2020-08-24,65.22,65.68,65.22,65.43,631703
2020-08-25,65.81,66.02,65.46,65.5,416984
2020-08-26,66.04,66.08,65.57,66.08,238340
2020-08-27,66.31,66.63,66.11,66.4,356150
2020-08-28,66.68,66.68,66.3,66.45,234404
2020-09-01,66.89,67.15,66.4,66.68,204451
2020-09-02,67.18,67.63,67.05,67.25,212797
2020-09-03,67.65,67.89,65.62,65.99,201450
2020-09-04,65.47,66.25,63.88,64.38,594983
2020-09-07,64.74,65.51,64.69,65.47,84690
2020-09-08,65.58,65.58,63.7,64.17,276806
2020-09-09,63.77,65.03,63.77,65.01,220843
2020-09-10,65.1,65.47,64.67,65.14,283649
2020-09-11,64.56,64.75,64.15,64.37,304549
2020-09-14,64.7,65.27,64.64,65.22,147057
2020-09-15,65.18,65.68,65.11,65.55,114605
2020-09-16,65.47,65.85,65.44,65.75,107547
2020-09-17,64.22,65,64.2,64.8,157745
2020-09-18,64.86,65.05,64.41,64.41,579447
2020-09-21,64.08,64.08,62.26,62.39,798537
2020-09-22,63.06,63.44,62.88,62.89,215803
2020-09-23,63.65,64,63.31,63.31,279350
2020-09-24,62.25,62.59,61.88,62.47,210906
2020-09-25,62.76,62.76,61.9,62.73,172384
2020-09-28,62.73,64.34,62.73,64.25,123196
2020-09-29,64.65,64.65,64.05,64.15,192012
2020-09-30,63.57,64.67,63.5,64.47,385129
2020-10-01,64.79,64.96,64.4,64.76,445430
2020-10-02,63.91,64.43,63.57,64.32,178196
2020-10-05,64.67,65.15,64.5,65.11,242594
2020-10-06,65.31,65.46,64.97,65.29,105039
2020-10-07,64.99,65.35,64.69,65.32,150474
2020-10-08,65.86,65.95,65.57,65.72,126083
2020-10-09,66.1,66.49,66.1,66.44,200922
2020-10-12,66.69,67.29,66.64,67.29,313735
2020-10-13,67.26,67.4,66.9,67.12,422639
2020-10-14,67.15,67.24,66.8,66.91,186503
2020-10-15,66.2,66.25,65.5,65.93,177555
2020-10-16,66.31,66.81,66.14,66.61,324182
2020-10-19,66.6,66.77,66.21,66.29,517555
2020-10-20,66.12,66.12,65.72,65.85,570895
2020-10-21,66.2,66.2,65.58,65.78,128779
2020-10-22,65.41,65.72,65.2,65.55,253651
2020-10-23,66.02,66.22,65.82,65.87,131534
2020-10-26,65.55,65.55,64.71,64.71,145853
2020-10-27,65.15,65.16,64.64,64.76,457800
2020-10-28,64.1,64.13,62.63,62.95,390560
2020-10-29,63,63.14,62.25,62.89,254300
2020-10-30,62,62.87,61.86,62.25,656215
2020-11-02,62.55,63.39,62.4,63.12,284457
2020-11-03,63.59,64.73,63.54,64.7,1271486
2020-11-04,63.95,66.07,63.76,66.07,587414
2020-11-05,66.21,67.29,66.21,67.15,453807
2020-11-06,66.92,67.39,66.36,67.12,290293
2020-11-09,68.07,70.32,67.99,69.1,736568
2020-11-10,68.15,68.47,67.72,68.17,650101
2020-11-11,68.35,68.88,68.34,68.8,563847
2020-11-12,68.32,68.77,68.25,68.53,581541
2020-11-13,68.28,68.74,68.25,68.52,466565
2020-11-16,69.47,69.98,69.33,69.67,1229392
2020-11-17,69.59,69.75,69.22,69.62,272325
2020-11-18,69.47,69.92,69.36,69.78,211276
2020-11-19,69.03,69.15,68.63,69.02,605384
2020-11-20,69.43,69.5,69.02,69.5,149478
2020-11-23,69.52,69.75,69.1,69.1,1203814
2020-11-24,70.02,70.43,69.89,70.43,265518
2020-11-25,70.63,70.75,70.2,70.41,256387
2020-11-26,70.66,70.68,70.41,70.51,352911
2020-11-27,70.57,70.89,70.52,70.85,205205
2020-11-30,70.37,70.82,69.98,69.98,484741
2020-12-01,70.85,71.26,70.77,71.22,313951
2020-12-02,70.93,71.15,70.75,71.15,174642
2020-12-03,71.31,71.56,71.05,71.5,450134
2020-12-04,71.45,71.84,71.45,71.84,979913
2020-12-07,71.81,71.84,71.27,71.78,591608
2020-12-08,71.56,71.92,71.27,71.92,298260
2020-12-09,72.15,72.34,71.8,71.8,515515
2020-12-10,71.52,71.71,71,71.64,487483
2020-12-11,71.52,71.59,70.79,71.17,266718
2020-12-14,71.9,72.09,71.69,71.69,557619
2020-12-15,71.4,71.82,71.4,71.69,380008
2020-12-16,72.1,72.48,72.1,72.28,218956
2020-12-17,72.78,72.88,72.73,72.74,282524
2020-12-18,72.72,73.04,72.4,72.45,457265
2020-12-21,72.04,72.16,70.4,71.51,596029
2020-12-22,71.85,72.31,71.66,72.08,326480
2020-12-23,72.23,72.6,72.2,72.5,172350
2020-12-24,72.4,72.83,72.4,72.43,50533
2020-12-29,73.43,73.65,73.13,73.28,296007
2020-12-30,73.29,73.52,73.26,73.32,342888
2020-12-31,73.1,73.27,73,73.15,234491
2021-01-04,73.8,74.13,72.57,72.75,352167
2021-01-05,72.53,73.07,72.44,72.98,372247
2021-01-06,73.2,74.1,72.78,74.02,416269
2021-01-07,74.5,74.64,73.74,74.56,422670
2021-01-08,75,75.05,74.64,74.87,139820
2021-01-11,74.59,74.77,74.1,74.62,509009
2021-01-12,74.61,74.74,74.28,74.52,191695
2021-01-13,74.79,74.8,74.35,74.68,293569
2021-01-14,74.79,75.06,74.79,75,266254
2021-01-15,74.43,74.56,73.6,74.1,128362
2021-01-18,73.73,74.11,73.73,74.11,133521
2021-01-19,74.56,74.69,74.24,74.27,1057845
2021-01-20,74.64,75.22,74.57,75.13,556823
2021-01-21,75.62,75.71,75.28,75.33,160590
2021-01-22,75.08,75.23,74.72,75.04,746242
2021-01-25,75.45,75.5,74.2,74.68,550112
2021-01-26,74.76,75.48,74.76,75.19,408236
2021-01-27,75.19,75.2,73.38,73.92,334062
2021-01-28,72.93,74.33,72.4,74.23,450936
2021-01-29,72.89,73.63,72.66,72.79,554440
2021-02-01,73.02,73.39,72.81,73.36,485865
2021-02-02,73.94,74.7,73.9,74.62,240594
2021-02-03,75.04,75.1,74.43,74.68,448829
2021-02-04,74.63,75.08,74.56,75.07,223202
2021-02-05,75.42,75.75,75.38,75.67,441109
2021-02-08,76.03,76.25,75.86,75.99,323774
2021-02-09,76.29,76.36,76.13,76.3,187178
2021-02-10,76.68,76.77,75.9,76.32,583957
2021-02-11,76.49,76.67,76.4,76.56,196276
2021-02-12,76.33,76.82,76.17,76.82,131815
2021-02-15,77.3,77.6,77.27,77.53,370227
2021-02-16,77.62,77.73,77.16,77.22,411675
2021-02-17,77,77.12,76.34,76.45,532743
2021-02-18,76.61,76.85,75.95,76.28,499928
2021-02-19,76.5,77.11,76.43,76.93,690438
2021-02-22,76.1,76.34,75.76,76.25,179561
2021-02-23,76.45,76.49,74.71,75.78,284459
2021-02-24,75.78,76.34,75.54,76.3,367389
2021-02-25,76.84,76.86,76.06,76.13,261417
2021-02-26,74.61,75.26,74.08,74.83,440312
2021-03-01,75.28,76,75.09,75.95,1630191
2021-03-02,75.58,76.16,75.41,75.71,456282
2021-03-03,76.09,76.2,74.9,75.54,514733
2021-03-04,74.64,75,74.15,74.7,325120
2021-03-05,73.48,74.52,72.92,73.04,350912
2021-03-08,74.3,75.33,73.92,75.17,307046
2021-03-09,74.86,75.72,74.79,75.67,381192
2021-03-10,75.3,76.13,75.2,75.94,217466
2021-03-11,76.33,76.84,76.3,76.83,476277
2021-03-12,76.49,76.53,76.13,76.44,183971
2021-03-15,76.71,77.05,76.42,76.78,422904
2021-03-16,77.2,77.43,77.15,77.26,190482
2021-03-17,77.38,77.38,76.65,76.8,687154
2021-03-18,77.24,77.4,76.86,77.21,794347
2021-03-19,76.68,76.78,75.9,76.52,211615
2021-03-22,76.1,76.89,76.01,76.89,597820
2021-03-23,76.56,76.78,76.3,76.55,822822
2021-03-24,75.89,76.41,75.89,76.3,460679
2021-03-25,75.68,75.92,75.01,75.7,457593
2021-03-26,76.29,76.53,76.12,76.53,586791
2021-03-29,76.75,77.01,76.51,76.72,642833
2021-03-30,76.93,77.02,76.5,76.78,302220
2021-03-31,76.7,77.14,76.62,77.07,178184
2021-04-01,77.26,77.68,77.1,77.61,419508
2021-04-06,78.62,78.9,78.36,78.85,754612
2021-04-07,78.76,78.93,78.6,78.77,209226
2021-04-08,79.11,80,78.99,79.08,1022189
2021-04-09,79.3,79.45,79.15,79.37,185640
2021-04-12,79.52,79.64,79.39,79.53,357834
2021-04-13,79.55,79.83,79.33,79.81,217377
2021-04-14,80.07,80.19,79.95,80.09,365197
2021-04-15,80.06,80.68,80.05,80.42,583126
2021-04-16,80.44,80.88,80.44,80.79,340377
2021-04-19,80.8,80.96,80.47,80.62,143947
2021-04-20,80.65,80.71,79.5,79.51,659052
2021-04-21,79.78,80.17,79.52,80.17,100549
2021-04-22,80.22,80.69,80.22,80.69,754512
2021-04-23,80.1,80.66,80.06,80.66,104223
2021-04-26,80.83,81.03,80.67,80.99,376366
2021-04-27,80.99,80.99,80.7,80.85,243508
2021-04-28,80.93,81.09,80.78,80.98,280165
2021-04-29,81.36,81.48,80.84,81.04,288839
2021-04-30,81.07,81.08,80.5,80.58,356746
2021-05-04,80.77,80.86,79.56,79.69,2334668
2021-05-05,80.32,80.67,80.28,80.67,176317
2021-05-06,80.57,80.78,80.1,80.6,1044361
2021-05-07,81.06,81.81,81,81.81,303916
2021-05-10,81.87,81.99,81.56,81.79,493803
2021-05-11,80.63,80.68,79.53,80.26,918303
2021-05-12,80.07,80.33,79.33,79.33,432672
2021-05-13,78.73,79.72,77.97,79.4,280520
2021-05-14,80,80.55,79.79,80.55,320582
2021-05-17,80.6,80.73,80.23,80.35,312423
2021-05-18,81.03,81.11,80.56,80.71,317777
2021-05-19,79.92,79.94,78.9,79.4,347576
2021-05-20,79.88,80.83,79.44,80.83,408371
2021-05-21,80.97,81.27,80.83,81.04,438199
2021-05-24,81.04,81.6,81,81.57,185083
2021-05-25,81.86,81.88,81.4,81.4,187280
2021-05-26,81.73,81.77,81.39,81.47,133423
2021-05-27,81.3,81.84,81.28,81.63,180711
2021-05-28,81.84,81.99,81.8,81.96,400345
2021-06-01,81.89,82.37,81.81,81.97,1250959
2021-06-02,81.82,82.15,81.75,82.12,822908
2021-06-03,82,82,81.23,81.66,322710
2021-06-04,81.95,82.28,81.49,82.24,312620
2021-06-07,82.25,82.47,82.04,82.31,201162
2021-06-08,82.47,82.67,82.18,82.26,259792
2021-06-09,82.43,82.68,82.35,82.45,169818
2021-06-10,82.46,82.78,82.1,82.53,941074
2021-06-11,82.69,82.85,82.57,82.63,758490
2021-06-14,82.87,83.02,82.69,82.69,473292
2021-06-15,83.26,83.27,82.82,82.82,380640
2021-06-16,83.12,83.12,82.81,82.94,196963
2021-06-17,82,82.45,81.93,82.4,195390
2021-06-18,82.33,82.33,81.11,81.27,431831
2021-06-21,80.81,81.98,80.74,81.94,340036
2021-06-22,82.06,82.38,81.87,82.34,235974
2021-06-23,82.67,82.68,82.3,82.36,378589
2021-06-24,82.48,82.92,82.48,82.8,222724
2021-06-25,82.95,83.13,82.83,83.07,334064
2021-06-28,83.14,83.23,82.93,82.94,263281
2021-06-29,83.02,83.27,82.98,83.2,194075
2021-06-30,83.13,83.18,82.68,82.84,710193
2021-07-01,83.04,83.36,82.8,83.06,495363
2021-07-02,83.29,83.58,82.96,83.53,231173
2021-07-05,83.67,83.88,83.56,83.85,180120
2021-07-06,83.87,83.89,83.19,83.38,1134512
2021-07-07,83.71,83.89,83.37,83.74,227125
2021-07-08,83.3,83.36,82.36,82.83,461296
2021-07-09,83.11,83.9,83.11,83.9,231814
2021-07-12,83.97,84.34,83.73,84.24,114692
2021-07-13,84.31,84.38,83.95,84.36,171658
2021-07-14,83.86,84.41,83.8,84.09,164933
2021-07-15,83.98,84.11,83.53,83.76,176460
2021-07-16,83.75,83.93,83.29,83.44,253579
2021-07-19,82.71,82.86,81.35,81.78,221299
2021-07-20,82.06,82.69,81.7,82.56,181961
2021-07-21,82.81,83.43,82.8,83.39,567075
2021-07-22,83.82,83.91,83.6,83.66,505195
2021-07-23,84.07,84.54,84.04,84.49,153022
2021-07-26,84.28,84.67,84,84.67,562972
2021-07-27,84.47,84.56,84.03,84.03,110705
2021-07-28,84.25,84.51,84.19,84.44,803125
2021-07-29,84.72,85.13,84.67,85.05,286711
2021-07-30,84.25,84.8,84.18,84.46,345688
2021-08-02,84.99,85.15,84.8,84.94,602650
2021-08-03,84.78,84.9,84.28,84.61,382801
2021-08-04,85.12,85.15,84.8,84.86,130202
2021-08-05,84.86,85.26,84.86,85.24,86949
2021-08-06,85.3,85.41,85.11,85.18,183952
2021-08-09,85.06,85.23,85.04,85.2,143904
2021-08-10,85.14,85.42,85.14,85.25,115068
2021-08-11,85.27,85.66,85.15,85.48,91221
2021-08-12,85.49,85.63,85.4,85.6,134172
2021-08-13,85.79,86.01,85.75,85.96,180305
2021-08-16,85.62,85.75,85.3,85.56,281073
2021-08-17,85.5,85.6,85.25,85.37,225078
2021-08-18,85.41,85.45,85.14,85.26,589493
2021-08-19,83.86,84.43,83.47,84.27,263387
2021-08-20,84.05,84.78,83.75,84.71,571806
2021-08-23,85.32,85.77,85.11,85.75,163294
2021-08-24,86.06,86.07,85.73,85.93,367786
2021-08-25,85.93,86.07,85.82,86.07,605176
2021-08-26,85.89,86.03,85.6,85.78,246581
2021-08-27,85.78,86.27,85.61,86.25,142050
2021-08-31,86.92,86.98,86.4,86.61,314293
2021-09-01,86.93,87.02,86.63,86.9,359510
2021-09-02,86.83,87.19,86.8,87.19,476689
2021-09-03,87.29,87.39,86.94,87.18,162918
2021-09-06,87.34,87.67,87.34,87.62,137388
2021-09-07,87.46,87.49,86.92,87,155191
2021-09-08,86.94,86.97,86.37,86.51,211577
2021-09-09,86.25,87,86.15,86.74,157744
2021-09-10,86.95,86.96,86.25,86.36,103419
2021-09-13,86.26,86.56,85.9,86.13,252299
2021-09-14,86.16,86.49,85.85,86.06,134683
2021-09-15,85.88,85.98,85.6,85.79,195523
2021-09-16,86.11,86.3,85.65,85.76,191718
2021-09-17,86.31,86.33,85.27,85.38,329426
2021-09-20,84.32,84.4,83.47,83.81,407821
2021-09-21,84.27,84.76,83.9,84.37,365649
2021-09-22,84.48,84.91,84.22,84.91,355789
2021-09-23,85.2,85.81,85.04,85.73,665036
2021-09-24,85.51,85.58,85.05,85.3,214727
2021-09-27,85.96,86.03,85.15,85.37,205473
2021-09-28,84.96,84.99,83.5,83.64,371884
2021-09-29,84.25,84.25,83.54,83.78,708325
2021-09-30,84.43,84.44,83.36,83.37,375657
2021-10-01,82.17,83.16,81.95,82.98,823182
2021-10-04,82.98,83.41,82.19,82.19,591146
2021-10-05,82.44,83.57,82.44,83.52,231202
2021-10-06,82.74,82.75,81.82,82.39,246212
2021-10-07,83.8,84.53,83.7,84.45,302780
2021-10-08,84.39,84.4,83.91,84.11,254442
2021-10-11,83.83,84.42,83.64,84.34,256443
2021-10-12,82.98,83.74,82.8,83.52,445570
2021-10-13,83.44,83.97,83.08,83.5,223652
2021-10-14,84.41,85.02,84.35,84.99,482545
2021-10-15,85.52,85.8,85.36,85.74,218128
2021-10-18,85.48,85.87,85.26,85.81,173454
2021-10-19,86.21,86.52,86.09,86.48,200456
2021-10-20,86.42,86.91,86.36,86.84,150868
2021-10-21,86.47,86.88,86.39,86.63,146805
2021-10-22,86.94,87.23,86.73,86.77,269391
2021-10-25,87.08,87.17,86.77,87.12,257819
2021-10-26,87.41,87.78,87.38,87.57,177679
2021-10-27,87.43,87.52,87.1,87.22,162895
2021-10-28,86.92,87.64,86.92,87.64,154019
2021-10-29,87.26,87.56,87.08,87.52,600764
2021-11-01,87.89,88.15,87.7,87.96,212472
2021-11-02,87.95,88.27,87.86,88.17,926186
2021-11-03,88.1,88.37,88.02,88.19,875764
2021-11-04,88.83,89.05,88.71,88.83,325602
2021-11-05,88.94,89.5,88.9,89.39,724428
2021-11-08,89.08,89.51,89,89.37,337980
2021-11-09,89.2,89.49,88.89,89.03,317810
2021-11-10,89.07,89.13,88.67,88.94,645390
2021-11-11,88.37,88.63,88.33,88.53,597931
2021-11-12,88.49,88.97,88.44,88.97,180565
2021-11-15,89.06,89.37,89.01,89.2,134726
2021-11-16,89.07,89.32,88.88,89.32,227319
2021-11-17,89.11,89.19,88.88,88.99,214753
2021-11-18,89.1,89.26,88.63,89.02,284651
2021-11-19,89.4,89.42,88.66,89.04,203318
2021-11-22,89.03,89.37,88.9,89.06,355076
2021-11-23,88.15,88.53,87.73,88.01,495326
2021-11-24,88.2,88.28,87.6,88.15,218683
2021-11-25,88.62,88.71,88.44,88.53,87861
2021-11-26,86.78,87.59,86.21,86.3,620164
2021-11-29,87.01,87.3,86.7,86.98,1127122
2021-11-30,86.32,87.13,85.75,85.89,679565
2021-12-01,86.57,87.32,86.4,87.23,504823
2021-12-02,85.37,85.91,84.9,85.58,479821
2021-12-03,86.15,86.47,84.84,85.26,206553
2021-12-06,85.65,86.14,85.19,86.08,168708
2021-12-07,86.95,88.12,86.95,88.07,402545
2021-12-08,88.51,88.51,87.92,88.06,103434
2021-12-09,88.29,88.29,87.78,87.96,325969
2021-12-10,87.61,88.21,87.59,87.68,608429
2021-12-13,88.25,88.37,87.37,87.39,143450
2021-12-14,87.52,87.67,86.4,86.45,870713
2021-12-15,86.82,87.1,86.39,86.39,475755
2021-12-16,88.51,88.86,88,88.05,2111109
2021-12-17,87.19,87.53,86.32,87.09,315456
2021-12-20,85.51,85.84,85.02,85.28,1009000
2021-12-21,86.31,86.65,86.16,86.52,470750
2021-12-22,87.1,87.89,86.88,87.89,408839
2021-12-23,88.34,88.73,88.03,88.68,455249
2021-12-24,88.59,88.98,88.51,88.8,33804
2021-12-29,89.78,89.8,89.4,89.6,723706
2021-12-30,89.65,89.94,89.59,89.84,100303
2021-12-31,89.4,89.5,89.27,89.38,11295
2022-01-03,89.3446,89.5,89.27,89.3838,45806
2022-01-04,90.07,90.27,89.66,89.79,389983
2022-01-05,89.75,89.96,89.68,89.77,366494
2022-01-06,88.1,88.52,87.68,88.21,374615
2022-01-07,88.2,88.35,87.58,87.89,290440
2022-01-10,88.11,88.12,86.18,86.65,391821
2022-01-11,87.73,88.12,87.19,87.98,612855
2022-01-12,88.7,89.27,88.37,88.9,185021
2022-01-13,88.81,89.45,88.61,88.95,228525
2022-01-14,87.88,88.12,87.13,87.39,914910
2022-01-17,87.81,88.07,87.71,87.95,147175
2022-01-18,87.43,87.43,86.46,86.46,289367
2022-01-19,85.8,86.92,85.62,86.24,493425
2022-01-20,86.13,86.9,85.79,86.83,286881
2022-01-21,84.87,85.05,83.84,84.86,575286
2022-01-24,83.81,84.07,80.95,81.17,1191905
2022-01-25,82.53,82.91,81.2,81.84,878475
2022-01-26,82.57,83.91,82.57,83.56,413188
2022-01-27,81.35,83.41,81.34,82.99,771895
2022-01-28,82.13,82.3,80.68,82.21,633054
2022-01-31,83.43,84.05,82.9,84,770495
2022-02-01,84.79,85.11,84.46,85.05,861029
2022-02-02,85.96,86.34,85.58,85.68,753396
2022-02-03,85.58,85.64,84.9,85.12,357287
2022-02-04,85.29,85.41,83.79,84.41,510343
2022-02-07,84.87,85.2,84.4,84.86,528364
2022-02-08,84.64,85.03,84.3,85.03,259153
2022-02-09,85.54,86.44,85.51,86.4,438082
2022-02-10,86.52,86.7,85.4,86.21,490644
2022-02-11,84.8,85.59,84.66,85.02,337510
2022-02-14,83.71,83.83,82.6,83.56,966711
2022-02-15,83.18,84.62,83.18,84.62,510194
2022-02-16,84.72,85.07,84.1,84.31,253559
2022-02-17,84.66,84.78,83.65,83.95,544174
2022-02-18,83.57,83.79,82.5,82.73,590170
2022-02-21,83.14,83.29,81.64,81.81,340809
2022-02-22,80.73,82.6,80.7,82.03,630294
2022-02-23,82,82.54,81.18,81.27,562262
2022-02-24,78.62,79.38,77.82,79.12,2077508
2022-02-25,80.49,82.39,79.99,82.34,860980
2022-02-28,81.66,82.79,81,82.67,719837
2022-03-01,82.76,83,81.19,81.19,363340
2022-03-02,80.88,82.15,80.61,82.13,583815
2022-03-03,82.2,82.73,81.09,81.47,3576887
2022-03-04,81.05,81.28,79.61,79.66,763023
2022-03-07,78.87,80.16,78.28,78.88,728283
2022-03-08,77.31,78.66,77.2,77.37,565497
2022-03-09,78.56,79.98,78.29,79.98,899921
2022-03-10,80.11,80.11,78.74,78.88,297364
2022-03-11,79.58,80.78,79.23,79.29,226520
2022-03-14,79.11,79.72,78.65,78.72,626995
2022-03-15,78.01,79.35,77.54,79.26,414859
2022-03-16,80.36,81.51,80.34,81.22,425848
2022-03-17,81.91,82.27,81.27,82.27,469612
2022-03-18,82.6,83.2,81.98,83.2,365343
2022-03-21,83.34,83.89,83.28,83.47,504411
2022-03-22,83.57,84.48,83.53,84.31,586411
2022-03-23,84.53,84.53,83.66,83.98,229821
2022-03-24,83.75,84.26,83.6,83.92,103507
2022-03-25,84.5,84.83,84.05,84.31,225611
2022-03-28,84.36,84.88,84.27,84.39,430811
2022-03-29,85.43,86.41,85.21,86.13,860461
2022-03-30,86.37,86.4,86,86.14,415646
2022-03-31,86.08,86.19,85.42,85.58,372564
2022-04-01,84.98,85.63,84.64,84.73,410178
2022-04-04,85.11,85.44,84.78,85.42,498046
2022-04-05,85.65,85.76,85,85.19,404579
2022-04-06,84.52,84.84,83.15,83.38,333033
2022-04-07,83.63,83.86,83.08,83.15,311902
2022-04-08,84.09,84.27,83.37,84.07,341514
2022-04-11,83.29,83.66,82.77,82.93,154742
2022-04-12,82.16,83.4,81.93,83.16,166847
2022-04-13,82.51,82.82,81.97,82.82,342581
2022-04-14,83.22,83.31,82.62,82.8,191834
2022-04-19,82.24,82.9,81.67,82.8,126688
2022-04-20,82.81,83.72,82.77,83.44,200315
2022-04-21,83.32,84.16,83.32,83.41,421339
2022-04-22,81.88,82.08,80.93,80.97,367402
2022-04-25,79.02,79.58,78.81,79.02,592855
2022-04-26,80.19,80.19,78.6,78.65,261584
2022-04-27,78.43,78.87,77.7,78.6,430375
2022-04-28,78.95,79.43,78.1,78.75,344495
2022-04-29,79.78,79.89,78.88,79.15,208108
2022-05-02,77.7449,77.7449,77.7449,77.7449,502359
2022-05-03,77.93,78.5,77.46,78.5,592014
2022-05-04,78.29,78.4,77.62,77.62,281417
2022-05-05,80,80.05,77.3,77.64,321786
2022-05-06,77.16,77.49,75.93,76.91,403233
2022-05-09,76.02,76.29,74.59,74.63,890080
2022-05-10,75.09,75.68,73.93,74.08,383337
2022-05-11,74.83,75.5,73.7,75.2,305709
2022-05-12,73.21,74.11,72.52,73.49,452785
2022-05-13,74.13,75.3,74.03,75.28,204123
2022-05-16,74.85,75.44,74.65,74.98,156442
2022-05-17,75.59,76.52,75.59,76.3,156025
2022-05-18,76.43,76.5,74.89,74.94,248667
2022-05-19,73.83,74.18,72.88,74.12,540935
2022-05-20,74.36,74.95,73.44,73.62,404018
2022-05-23,75.15,75.46,74.42,75.46,211035
2022-05-24,74.51,74.89,73.85,74.06,436638
2022-05-25,75.24,75.38,74.3,75.02,114482
2022-05-26,75.2,76.61,75.2,76.49,147971
2022-05-27,76.7,77.87,76.61,77.79,1143280
2022-05-30,78.98,79.17,78.57,78.89,215660
2022-05-31,78.27,78.58,77.45,77.73,334849
2022-06-01,78.22,78.68,76.96,77.06,459475
2022-06-06,77.99,78.6,77.93,77.98,362611
2022-06-07,77.42,78.04,76.95,77.74,694691
2022-06-08,78.18,78.24,77.77,78.15,323321
2022-06-09,77.54,78,76.88,76.92,222001
2022-06-10,75.93,75.93,73.6,73.6,472295
2022-06-13,72.27,72.52,70.82,71.31,522482
2022-06-14,71.66,71.75,70.44,70.6,309733
2022-06-15,70.87,71.53,70.6,71.07,519249
2022-06-16,70.88,70.9,69.2,69.46,152383
2022-06-17,69.55,70.15,68.81,69.36,534706
2022-06-20,69.7,70.18,69.5,70.18,191694
2022-06-21,70.45,71.28,70.45,71.14,399807
2022-06-22,70.11,71.34,69.6,71.24,487828
2022-06-23,70.64,71.24,70.21,70.89,430614
2022-06-24,71.58,72.9,71.51,72.79,212776
2022-06-27,73.3,73.94,73,73.48,232406
2022-06-28,73.57,73.95,72.83,72.86,190789
2022-06-29,71.76,72.25,71.56,71.87,573841
2022-06-30,70.93,71.31,70.25,71,643899
2022-07-01,70.48,71.42,70.28,71.06,622599
2022-07-04,71.52,71.78,71.33,71.52,91309
2022-07-05,72.05,72.05,70,70.14,304090
2022-07-06,71.36,71.7,71.1,71.1,304158
2022-07-07,71.87,72.57,71.84,72.46,265293
2022-07-08,72.51,73.06,72.2,73.01,261069
2022-07-11,71.97,72.38,71.71,71.95,189740
2022-07-12,71.38,72.07,71.14,72.03,228258
2022-07-13,71.46,71.58,70.06,70.97,346163
2022-07-14,70.66,70.75,69.36,69.9,226074
2022-07-15,70.5,71.79,70.31,71.72,216866
2022-07-18,72.31,72.74,72.2,72.53,146229
2022-07-19,71.74,73.12,71.71,73.12,356112
2022-07-20,73.76,74.02,73.13,73.94,173406
2022-07-21,73.83,74.06,73.35,74.06,343809
2022-07-22,74.29,74.9,74.09,74.16,214102
2022-07-25,73.89,74.45,73.75,74.18,130312
2022-07-26,73.99,74.07,73.33,73.33,89816
2022-07-27,73.81,74.18,73.78,74.15,211249
2022-07-28,74.93,75.4,74.5,75.38,826256
2022-07-29,76.41,76.6,75.9,76.27,162865
2022-08-01,76.7,77.25,76.4,77.01,194657
2022-08-02,76.39,76.69,76.07,76.54,160097
2022-08-03,76.24,76.93,76.11,76.82,49268
2022-08-04,76.99,77.48,76.9,77.1,335926
2022-08-05,77.36,77.36,76.3,76.52,137912
2022-08-08,77.13,77.83,77.11,77.47,157208
2022-08-09,77.11,77.21,76.58,76.71,147121
2022-08-10,76.56,78.39,76.5,78.26,350470
2022-08-11,78.63,79.21,78.43,78.74,329653
2022-08-12,78.54,78.86,78.47,78.83,297085
2022-08-15,79.22,79.29,78.74,79.18,60265
2022-08-16,79.34,79.51,79.14,79.51,196399
2022-08-17,79.59,79.69,78.74,78.8,77802
2022-08-18,78.68,79.32,78.63,79.06,255758
2022-08-19,78.54,78.7,77.88,77.95,71306
2022-08-22,77.55,77.64,76.55,76.68,143345
2022-08-23,76.13,76.89,76.1,76.5,246625
2022-08-24,76.11,76.68,76,76.68,112361
2022-08-25,77.01,78.59,76.68,76.95,198604
2022-08-26,77.44,77.8,75.88,76.11,167011
2022-08-29,74.6268,74.6268,74.6268,74.6268,121855
2022-08-30,74.92,75.53,73.73,74.18,231927
2022-08-31,74.45,74.47,73.7,73.76,941304
2022-09-01,72.88,73.07,72.14,72.46,466239
2022-09-02,73.25,75.13,73.07,74.1,318677
2022-09-05,72.77,72.91,72.48,72.84,90518
2022-09-06,73.01,73.32,71.88,72.68,380893
2022-09-07,72.1,72.81,71.9,72.64,489676
2022-09-08,73.53,73.84,72.7,73.78,105919
2022-09-09,74.25,75.11,74.25,74.99,76866
2022-09-12,75.45,76.28,75.4,76.16,152888
2022-09-13,76.4,76.82,73.82,73.88,219479
2022-09-14,73.25,73.6,72.8,73.27,267368
2022-09-15,73.27,73.48,72.6,72.8,389695
2022-09-16,72.01,72.06,71.4,71.68,631097
2022-09-20,72.48,72.76,71.3,71.47,1824587
2022-09-21,71.12,71.81,71.03,71.64,326646
2022-09-22,69.78,70.95,69.53,69.73,300142
2022-09-23,69.48,69.48,68.1,68.24,266857
2022-09-26,67.58,68.45,67.45,67.68,562315
2022-09-27,68.01,68.43,67.49,67.57,226610
2022-09-28,66.68,68.09,66.25,67.88,1323552
2022-09-29,68.09,68.11,66.77,67.3,681739
2022-09-30,67.57,68.2,66.95,67.88,1820712
2022-10-03,66.56,68.09,66.44,67.95,374914
2022-10-04,69.1,70.5,69.1,70.42,388436
2022-10-05,70.26,70.28,69.17,69.46,218759
2022-10-06,70.28,70.44,69.43,69.85,199207
2022-10-07,69.09,69.66,68,68.12,1435428
2022-10-10,67.42,67.88,67.05,67.17,492872
2022-10-11,66.84,67.2,66.28,67.01,217819
2022-10-12,66.96,67.22,66.28,66.59,331640
2022-10-13,66.31,67.28,64.84,67.11,258400
2022-10-14,68.37,68.82,67,67.12,352391
2022-10-17,67.09,68.48,66.89,68.3,263126
2022-10-18,69.22,69.8,68.5,68.57,550611
2022-10-19,69.05,69.18,68.28,68.5,1298710
2022-10-20,68.27,69.2,68,68.85,286581
2022-10-21,67.71,68.69,67.13,68.47,486044
2022-10-24,69.46,70,68.81,69.69,212699
2022-10-25,70.17,71.08,69.75,71.07,424606
2022-10-26,70.85,71.96,70.77,71.95,351213
2022-10-27,71.32,71.58,70.8,71.26,214463
2022-10-28,70.16,71.51,69.98,71.34,516208
2022-10-31,71.85,71.88,71.36,71.53,432052
2022-11-01,72.08,72.55,71.24,71.4,548708
2022-11-02,71.62,71.85,71.03,71.03,230099
2022-11-03,69.79,69.93,68.7,69.46,231093
2022-11-04,69.44,70.98,69.4,69.99,493119
2022-11-07,70.13,71.04,70.11,70.87,424732
2022-11-08,71.03,72.12,70.9,72.12,160047
2022-11-09,71.52,71.87,70.87,71.08,201997
2022-11-10,70.37,73.64,70.28,73.64,136933
2022-11-11,74.8,75.09,74.26,74.49,171538
2022-11-14,74.96,75.2,74.65,74.98,724335
2022-11-15,75.12,76.14,75.02,75.69,221160
2022-11-16,75.45,75.53,74.6,74.76,406753
2022-11-17,74.92,75.05,73.56,73.89,249129
2022-11-18,74.41,75.11,74.21,74.61,838184
2022-11-21,74.28,74.46,74,74.09,574887
2022-11-22,74.32,74.95,74.15,74.83,509827
2022-11-23,75.46,75.84,75.2,75.77,377300
2022-11-24,76.03,76.28,75.99,76.19,258546
2022-11-25,76.26,76.26,75.8,75.99,412617
2022-11-28,75.52,75.75,75.34,75.36,769488
2022-11-29,75.3,75.42,74.6,74.63,458248
2022-11-30,75.02,75.3,74.62,74.94,365792
2022-12-01,76.96,77.5,76.62,77.03,271997
2022-12-02,76.96,77.17,75.2,76.68,2928137
2022-12-05,76.82,77.12,76.04,76.04,401656
2022-12-06,75.72,75.88,74.85,75.06,2162082
2022-12-07,74.64,75.01,74.24,74.44,186113
2022-12-08,74.72,75.33,74.57,75.09,787935
2022-12-09,75.47,75.62,74.71,75.42,297523
2022-12-12,74.73,75.05,74.63,74.94,89508
2022-12-13,75.6,77.98,75.5,76.89,239789
2022-12-14,76.35,76.79,76.17,76.76,377017
2022-12-15,75.54,75.6,74.07,74.07,174069
2022-12-16,73.95,74,72.97,73.12,485544
2022-12-19,73.42,73.68,72.91,72.91,298795
2022-12-20,72.37,73.21,72.25,72.78,516608
2022-12-21,73.22,74.06,73.05,73.95,327655
2022-12-22,74.12,74.27,72.7,72.7,503882
2022-12-23,73.07,73.33,72.95,73.17,123642
2022-12-28,73.36,73.51,72.68,72.73,396606
2022-12-29,72.51,73.56,72.44,73.56,880938
2022-12-30,73.26,73.42,73.13,73.19,351946
2023-01-03,73.67,74.12,72.95,72.95,393231
2023-01-04,73.49,74.01,73.23,74.01,338133
2023-01-05,73.64,74.03,72.93,72.98,309922
2023-01-06,73.11,74.34,72.85,74.32,187033
2023-01-09,74.81,75.86,74.81,75.73,111973
2023-01-10,74.76,75.17,74.46,74.81,224228
2023-01-11,75.25,75.74,75.18,75.67,1494131
2023-01-12,76.12,76.83,75.69,76.26,186893
2023-01-13,76.68,76.82,76.02,76.52,206486
2023-01-16,76.99,77.05,76.64,76.96,114691
2023-01-17,76.88,77.44,76.75,77.04,276496
2023-01-18,77.2,77.63,76.74,76.75,187827
2023-01-19,76.08,76.19,75.44,75.44,875045
2023-01-20,76.01,76.32,75.6,76.32,178526
2023-01-23,76.9,77.78,76.76,77.63,266068
2023-01-24,77.67,77.74,77.05,77.56,251107
2023-01-25,77.48,77.52,76.57,77.01,140670
2023-01-26,77.82,78.22,77.53,77.7,583985
2023-01-27,78.11,78.63,77.97,78.45,706476
2023-01-30,78.03,78.41,77.74,78.05,373709
2023-01-31,77.72,78,77.04,77.99,415585
2023-02-01,78.33,78.76,78.13,78.35,419115
2023-02-02,79.44,80.27,79.43,80.19,463323
2023-02-03,79.95,80.02,79.09,80,248311
2023-02-06,78.94,79,78.35,78.79,201268
2023-02-07,78.76,78.88,78.3,78.72,255171
2023-02-08,79.63,79.67,78.8,78.8,159089
2023-02-09,79.3,79.8,79.08,79.08,107810
2023-02-10,78.44,78.59,77.77,78.19,1561761
2023-02-13,78.29,79.1,78.22,78.98,202934
2023-02-14,79.31,80.05,78.66,78.66,172420
2023-02-15,78.78,79.12,78.66,78.97,109184
2023-02-16,79.62,79.74,78.43,79.03,1961145
2023-02-17,78.13,78.4,77.79,77.94,997495
2023-02-20,78.48,78.5,78.2,78.25,331062
2023-02-21,78,78.07,77.39,77.39,116681
2023-02-22,77.13,77.26,76.76,77.08,393122
2023-02-23,77.19,77.5,76.75,76.76,193467
2023-02-24,77.11,77.19,75.86,76.1,336579
2023-02-27,76.53,77.27,76.51,76.75,364010
2023-02-28,76.46,76.98,76.39,76.66,676173
2023-03-01,76.72,76.95,76.1,76.27,430049
2023-03-02,75.83,76.3,75.68,76.14,349661
2023-03-03,76.73,77.45,76.73,77.43,165527
2023-03-06,78.09,78.41,77.82,78.29,289853
2023-03-07,78.11,78.21,77.03,77.03,239651
2023-03-08,76.73,77.03,76.6,76.78,199629
2023-03-09,76.84,77.35,76.64,77.01,388862
2023-03-10,75.29,76.02,75.05,75.92,207996
2023-03-13,75.76,75.82,75.55,75.65,68203
